MotherID,T,ps,w,Sum_Adult,Male,FirstBorn
8.0,0.0,0.30130827367720087,0.8439028790521889,-1.1045653953171772,0.0,1.0
175.0,0.0,0.15377971588910058,0.6967783335910699,1.3042091651400853,1.0,1.0
224.0,1.0,0.5754159915378153,0.7131745495802351,0.6027679154954642,1.0,1.0
224.0,0.0,0.4992358504688794,1.1774564132952394,0.6027679154954642,0.0,0.0
224.0,0.0,0.5118017846735089,1.2077634471060699,-1.515807564639165,1.0,0.0
227.0,0.0,0.5771781737750098,1.3945069124695655,-1.702018524756813,0.0,1.0
227.0,0.0,0.5046972115252535,1.19043941026352,-0.269769960456498,0.0,0.0
227.0,1.0,0.5092152359543106,0.8058911273877643,-0.08355900033885029,1.0,0.0
239.0,1.0,0.2610804318465365,1.5718222835921427,-1.702018524756813,0.0,1.0
239.0,0.0,0.4670315114080495,1.1063092322240144,-1.6984500708772756,1.0,0.0
239.0,0.0,0.3096190688437173,0.8540617690963992,-0.08355900033885029,1.0,0.0
258.0,0.0,0.16968227571669958,0.7101232963835612,1.3042091651400853,0.0,0.0
258.0,1.0,0.26938662706809136,1.523357135625438,-1.2872079015552873,1.0,0.0
285.0,0.0,0.40418260899886715,0.9896118648417115,0.6143137954262338,0.0,1.0
285.0,1.0,0.2464970990361584,1.6648148890630503,0.6027679154954642,0.0,0.0
285.0,0.0,0.5478065730851869,1.3039286383188224,-0.1395852790909986,1.0,0.0
289.0,1.0,0.21644279761904534,1.8959838123536439,-0.08712745421838787,1.0,1.0
340.0,1.0,0.3924786797300903,1.045590656971382,0.5686110014315365,1.0,1.0
373.0,0.0,0.20191871904533373,0.738806902861373,0.4316712891881235,1.0,1.0
374.0,0.0,0.19548489623073206,0.732898557965243,0.5686110014315365,0.0,0.0
374.0,0.0,0.3544827130687764,0.9134193171136189,-0.269769960456498,1.0,0.0
379.0,1.0,0.7079601954254207,0.5995519442952707,-1.8469185899036398,0.0,1.0
425.0,0.0,0.2698380448541725,0.8075303776899662,-0.0720131204080808,1.0,0.0
425.0,0.0,0.1654400993256157,0.7065136474173904,-0.41467002560332517,1.0,0.0
529.0,0.0,0.16365746732765427,0.705007740703716,0.6178822493057712,1.0,1.0
550.0,0.0,0.1952993133112872,0.7327295343067647,1.3042091651400853,0.0,1.0
618.0,0.0,0.21802281813533314,0.7540219498576091,-0.08355900033885029,0.0,0.0
619.0,0.0,0.14141017472431272,0.6867399799717272,1.3042091651400853,0.0,0.0
619.0,0.0,0.09690992530401567,0.6529004978957899,1.3042091651400853,0.0,0.0
632.0,0.0,0.3136545809394835,0.8590834047101952,1.3042091651400853,0.0,1.0
698.0,0.0,0.318607085216757,0.8653274001261373,-0.3222128320722189,1.0,1.0
703.0,0.0,0.24198054696403587,0.7778533348349036,-0.08355900033885029,1.0,1.0
704.0,0.0,0.18023952113491296,0.7192685846847136,1.3042091651400853,1.0,1.0
706.0,0.0,0.3440129386423598,0.8988408371858003,-1.702018524756813,0.0,1.0
706.0,1.0,0.45010767812859737,0.9117197073652252,-0.1395852790909986,0.0,0.0
756.0,0.0,0.6185801864834769,1.5458765866871034,0.2867712240412963,0.0,1.0
764.0,1.0,0.30644311569525023,1.3391458954958224,0.5686110014315365,1.0,1.0
770.0,0.0,0.24468505102455493,0.7806385405367143,-1.9736795747300186,0.0,0.0
801.0,0.0,0.21505072359358568,0.751166957071592,1.3042091651400853,0.0,1.0
801.0,1.0,0.2970598628514964,1.3814456003818847,1.3042091651400853,0.0,0.0
841.0,1.0,0.22711705778871238,1.8068745896136784,1.3042091651400853,1.0,1.0
845.0,0.0,0.30462778925794604,0.8479314391706039,-0.08712745421838787,0.0,1.0
939.0,0.0,0.3159917207191049,0.8620187463719535,0.5686110014315365,1.0,1.0
939.0,0.0,0.1748204271637278,0.7145450261051786,0.5686110014315365,0.0,0.0
940.0,0.0,0.17941327647624572,0.7185443567521791,1.3042091651400853,0.0,1.0
949.0,0.0,0.3970646172061635,0.9779289393858106,1.3042091651400853,0.0,1.0
992.0,0.0,0.1720628229015231,0.7121650962457293,1.3042091651400853,1.0,0.0
992.0,0.0,0.15974328961536194,0.7017235948569154,1.3042091651400853,1.0,0.0
1005.0,0.0,0.2621470213351925,0.7991130705750135,1.410340501005082,1.0,1.0
1025.0,1.0,0.43347578696336214,0.9467011836140478,-0.08712745421838787,1.0,0.0
1025.0,0.0,0.36570838196509403,0.9295849773964792,-0.4031241456725556,0.0,0.0
1025.0,0.0,0.6702479167440503,1.7880947213185363,-1.702018524756813,1.0,0.0
1048.0,0.0,0.3069567654414451,0.8507809181476641,1.3042091651400853,1.0,1.0
1057.0,0.0,0.6373953572229795,1.626090484937169,-1.1045653953171772,0.0,1.0
1057.0,1.0,0.5069125310768634,0.8095519748041519,1.3042091651400853,0.0,0.0
1057.0,0.0,0.5130707326447467,1.2109109041982766,-0.2549812975696407,1.0,0.0
1063.0,0.0,0.30220340658853945,0.8449854369897677,-0.41467002560332517,0.0,1.0
1071.0,0.0,0.4090093615836793,0.9976942460438661,-0.41467002560332517,1.0,1.0
1111.0,0.0,0.21824888336285816,0.7542399964200325,1.3042091651400853,1.0,0.0
1123.0,0.0,0.33364669150597837,0.8848578552815037,1.3042091651400853,1.0,0.0
1123.0,0.0,0.22031947658729165,0.7562430273785952,-1.2720935677449805,1.0,0.0
1207.0,1.0,0.5335117068186478,0.7691903201774355,0.6027679154954642,0.0,1.0
1207.0,0.0,0.48620457680072293,1.1475928604857684,0.6027679154954642,0.0,0.0
1210.0,1.0,0.5807239294277012,0.7066559853847664,0.6027679154954642,0.0,1.0
1210.0,1.0,0.5109545670462251,0.8031478081477256,-0.8294806488048506,0.0,0.0
1216.0,1.0,0.3602959071350804,1.1389861290663816,0.6143137954262338,0.0,0.0
1225.0,1.0,0.34535569061557864,1.18825909558571,0.6027679154954642,1.0,1.0
1227.0,1.0,0.5804674690408346,0.7069681980014233,1.3042091651400853,1.0,1.0
1227.0,1.0,0.5081973056254604,0.8075053449588505,-1.1045653953171772,0.0,0.0
1230.0,0.0,0.2337269420230056,0.7694749975555796,1.3042091651400853,1.0,1.0
1269.0,0.0,0.361363816884963,0.9232611226907966,-0.08355900033885029,0.0,1.0
1293.0,0.0,0.4659049065573087,1.1039756153030857,1.3042091651400853,1.0,1.0
1297.0,0.0,0.5520744722831765,1.316352658932434,-0.2549812975696407,1.0,1.0
1377.0,1.0,0.44537068195027946,0.9214168269658556,0.6027679154954642,1.0,1.0
1388.0,0.0,0.5240176398540537,1.2387601070614502,0.6027679154954642,1.0,1.0
1394.0,0.0,0.19134370515681706,0.7291453280878704,1.3042091651400853,1.0,1.0
1401.0,0.0,0.3767063584243116,0.9459874448954312,-1.9736795747300186,1.0,0.0
1406.0,0.0,0.4783333930035272,1.1302773677781928,-0.08355900033885029,0.0,1.0
1406.0,0.0,0.30660576963931047,0.8503502532852658,-0.7734543700527021,0.0,0.0
1406.0,0.0,0.4438918571448169,1.0602757161340473,-1.702018524756813,0.0,0.0
1414.0,0.0,0.4433946010275825,1.0593284946612116,-0.2549812975696407,1.0,1.0
1414.0,0.0,0.3790300014941199,0.9495272892933022,-0.08712745421838787,0.0,0.0
1414.0,0.0,0.2896822032014915,0.8300903652861881,-0.08355900033885029,0.0,0.0
1414.0,1.0,0.34372223848879446,1.1939059933697718,-0.95966533017035,0.0,0.0
1415.0,0.0,0.4835451598638868,1.141683480511783,-0.825912194925313,1.0,1.0
1415.0,0.0,0.4571560205807293,1.08618310558502,-1.515807564639165,0.0,0.0
1415.0,0.0,0.3542954279355418,0.9131543819313299,-2.3883454405911277,0.0,0.0
1415.0,0.0,0.3110621504528147,0.8558507270304514,-1.515807564639165,1.0,0.0
1415.0,1.0,0.41325065113136883,0.993034226232331,-1.515807564639165,1.0,0.0
1415.0,1.0,0.614278074595399,0.6680558163443191,-1.515807564639165,1.0,0.0
1416.0,1.0,0.2470029205602159,1.6614056208546035,-1.0828557412262632,1.0,1.0
1416.0,1.0,0.17430668851908093,2.086554730403893,-1.1500872757288414,1.0,0.0
1419.0,0.0,0.32982342550100674,0.8798098618331219,0.5686110014315365,0.0,1.0
1423.0,0.0,0.2814656332479249,0.8205981323885666,1.3042091651400853,1.0,1.0
1423.0,0.0,0.22769135800766852,0.7634615584420831,1.3042091651400853,0.0,0.0
1436.0,0.0,0.7068063142172374,2.0110527204553446,-0.269769960456498,0.0,1.0
1437.0,0.0,0.5146397966150469,1.2148255157749375,-0.269769960456498,1.0,1.0
1437.0,1.0,0.5119672984275448,0.801559087556298,-0.269769960456498,0.0,0.0
1438.0,0.0,0.547036714594398,1.3017124751861002,-1.1045653953171772,0.0,1.0
1440.0,0.0,0.4457208788081381,1.0637744357858583,0.6027679154954642,0.0,1.0
1440.0,0.0,0.4686524431186484,1.109684145109218,-0.08355900033885029,1.0,0.0
1482.0,0.0,0.4889701015092369,1.1538032533030194,-0.9560968762908125,1.0,1.0
1482.0,0.0,0.37400753477347287,0.9419090359184854,-0.08712745421838787,0.0,0.0
1494.0,0.0,0.4305805905777857,1.0354897456200964,0.6143137954262338,1.0,0.0
1525.0,0.0,0.31220842982242336,0.8572770952419813,0.6178822493057712,1.0,1.0
1544.0,0.0,0.31975063845717994,0.8667820842587276,-0.7734543700527021,0.0,1.0
1548.0,0.0,0.29471015646931625,0.8360080112058247,-1.6459922460046645,1.0,1.0
1548.0,1.0,0.4155830672704058,0.9874609263597128,-1.702018524756813,0.0,0.0
1551.0,1.0,0.20386951890269647,2.012915137069164,-0.825912194925313,1.0,1.0
1566.0,0.0,0.22219992778804795,0.7580713611107501,-0.08355900033885029,0.0,1.0
1566.0,0.0,0.22278096324680322,0.7586380820996135,-0.825912194925313,1.0,0.0
1566.0,0.0,0.4051787105766244,0.991269091907158,-1.1009969414376397,0.0,0.0
1596.0,0.0,0.3456472534337527,0.9010857866920556,-0.8294806488048506,0.0,1.0
1596.0,0.0,0.24327142667718948,0.7791802506210198,-0.8294806488048506,0.0,0.0
1596.0,1.0,0.22725285709167564,1.805794857050789,-1.6984500708772756,0.0,0.0
1596.0,0.0,0.4604958585980377,1.0929071978605012,-2.3883454405911277,1.0,0.0
1610.0,0.0,0.21235293837747002,0.7485941205685931,0.6027679154954642,0.0,0.0
1617.0,1.0,0.19746544241840672,2.078196749569549,0.6027679154954642,0.0,1.0
1617.0,1.0,0.4256848031878154,0.9640279322003105,-0.825912194925313,1.0,0.0
1690.0,0.0,0.45458697299944173,1.0810668800053262,0.6027679154954642,1.0,1.0
1690.0,0.0,0.42220266551082586,1.020475388546123,-1.1045653953171772,0.0,0.0
1786.0,0.0,0.2346713467753009,0.7704245188382363,1.3042091651400853,1.0,1.0
1789.0,0.0,0.1131567140081862,0.6648615022825993,-1.9736795747300186,0.0,1.0
1825.0,1.0,0.49910211813585276,0.8222205950938177,1.3042091651400853,1.0,1.0
1825.0,0.0,0.4562452678613686,1.0843638217081804,0.4316712891881235,0.0,0.0
1825.0,0.0,0.4292279131502358,1.0330357300197708,0.6027679154954642,0.0,0.0
1825.0,1.0,0.4352754650886729,0.9427869785921569,0.6027679154954642,1.0,0.0
1826.0,0.0,0.2597237116573107,0.7964971574785915,1.3042091651400853,1.0,0.0
1838.0,0.0,0.4057791791053121,0.992270783319207,-0.08712745421838787,0.0,1.0
1862.0,0.0,0.22971358317416893,0.7654658663766553,-0.08355900033885029,1.0,1.0
1862.0,0.0,0.16101773277364873,0.7027895373319933,0.6027679154954642,1.0,0.0
1862.0,0.0,0.40367258992666694,0.9887654826083627,1.3042091651400853,1.0,0.0
1928.0,0.0,0.3079676387153498,0.8520236803943704,-0.269769960456498,1.0,1.0
1928.0,1.0,0.19690407689534636,2.084121604065906,0.6027679154954642,1.0,0.0
1928.0,0.0,0.22362910758865082,0.7594668542794211,-1.515807564639165,1.0,0.0
1993.0,0.0,0.28835631405142015,0.8285437938338682,0.6027679154954642,1.0,0.0
2002.0,0.0,0.33221147842817544,0.8829561161457254,-0.08355900033885029,1.0,1.0
2002.0,0.0,0.1935658042179187,0.7311544605842663,-1.012123155042961,0.0,0.0
2002.0,0.0,0.2723167266352519,0.8102810398366898,0.6178822493057712,1.0,0.0
2021.0,0.0,0.3206889883690008,0.8679793928234439,0.6143137954262338,1.0,1.0
2105.0,0.0,0.3247598154392776,0.8732121886337924,-0.08355900033885029,0.0,1.0
2119.0,0.0,0.29926390662925356,0.8414408291393561,-0.9560968762908125,1.0,1.0
2119.0,1.0,0.24173033997256269,1.6976439144247453,-0.9560968762908125,1.0,0.0
2119.0,0.0,0.17941188488757387,0.7185431382137081,-0.08355900033885029,0.0,0.0
2130.0,0.0,0.23112284346316722,0.7668688741769224,-1.702018524756813,0.0,1.0
2130.0,1.0,0.42710149962584903,0.9608302498252554,-0.08355900033885029,1.0,0.0
2131.0,0.0,0.23870034337321802,0.7745018065899539,-1.7908923111514916,1.0,1.0
2131.0,1.0,0.41591528669743594,0.9866721751075653,1.3042091651400853,0.0,0.0
2161.0,0.0,0.27254464029644204,0.8105349029994512,-1.1045653953171772,0.0,1.0
2175.0,0.0,0.25893682487564146,0.7956514089568789,-0.08712745421838787,0.0,0.0
2190.0,0.0,0.24640339447213921,0.7824185447342165,1.3042091651400853,0.0,0.0
2250.0,0.0,0.5548133531448438,1.3244511343252234,-1.515807564639165,1.0,1.0
2250.0,1.0,0.4313216505888344,0.9514292640446207,-0.825912194925313,1.0,0.0
2253.0,0.0,0.5576865097670728,1.3330544340920951,-0.08355900033885029,1.0,1.0
2260.0,1.0,0.4382888011754922,0.9363051017630988,1.410340501005082,1.0,0.0
2262.0,0.0,0.48100998626607994,1.1361065604550329,-0.269769960456498,1.0,1.0
2262.0,1.0,0.5983055061059962,0.6858904629795334,0.6027679154954642,0.0,0.0
2262.0,1.0,0.532019999073195,0.7713470194750838,1.3042091651400853,1.0,0.0
2262.0,1.0,0.5109668657085231,0.8031284768674984,-1.515807564639165,1.0,0.0
2267.0,0.0,0.5817500775992349,1.4097503139493126,-2.3667306603919434,1.0,1.0
2267.0,0.0,0.5093866579318828,1.2018180282832376,0.6027679154954642,1.0,0.0
2267.0,0.0,0.4375728885456017,1.0483633299415749,-1.6984500708772756,1.0,0.0
2267.0,0.0,0.3694639527056347,0.9351217300642081,0.6027679154954642,1.0,0.0
2267.0,0.0,0.47766686442446943,1.1288350656982067,0.6143137954262338,0.0,0.0
2278.0,0.0,0.2548364462112285,0.7912732129957253,-0.08712745421838787,0.0,1.0
2281.0,0.0,0.28938920212586844,0.8297481000537699,0.6027679154954642,1.0,1.0
2281.0,0.0,0.2068253576354253,0.743377218484927,0.6027679154954642,1.0,0.0
2319.0,0.0,0.3383329461507771,0.8911248580137338,0.6143137954262338,0.0,1.0
2319.0,1.0,0.46504011425728214,0.882444391365362,-0.08355900033885029,1.0,0.0
2319.0,1.0,0.30791109952769874,1.3327614406096782,-0.08355900033885029,1.0,0.0
2374.0,0.0,0.3436160925057397,0.8982974029096077,-1.543138361390766,1.0,1.0
2436.0,0.0,0.17229085063660435,0.7123612924506713,1.3042091651400853,1.0,1.0
2441.0,0.0,0.25173229951167664,0.7879906603331401,0.6027679154954642,0.0,0.0
2447.0,0.0,0.20964577622721015,0.7460299972829143,0.6027679154954642,0.0,0.0
2447.0,0.0,0.20964577622721015,0.7460299972829143,0.4316712891881235,0.0,0.0
2447.0,0.0,0.4349901141703109,1.0435710492886594,0.6027679154954642,1.0,0.0
2480.0,1.0,0.18813578498392117,2.086554730403893,0.6027679154954642,0.0,1.0
2480.0,0.0,0.263324182250616,0.8003900022334448,0.6027679154954642,0.0,0.0
2482.0,1.0,0.31499480661975954,1.3027898618075286,1.3042091651400853,0.0,1.0
2482.0,1.0,0.2768267366725238,1.482414760651177,-0.825912194925313,1.0,0.0
2482.0,0.0,0.25204968879581935,0.7883250405557937,-0.1395852790909986,1.0,0.0
2525.0,0.0,0.3324124292738647,0.8832218951776104,-1.8433501360241025,1.0,1.0
2536.0,0.0,0.19011387422968704,0.7280381039407695,-0.08355900033885029,0.0,0.0
2577.0,0.0,0.19804451874722503,0.7352377696735319,1.3042091651400853,1.0,1.0
2640.0,0.0,0.3178061378946743,0.8643114401441508,0.5686110014315365,1.0,1.0
2645.0,0.0,0.41359514027166555,1.0054963727396682,-0.08712745421838787,0.0,0.0
2662.0,0.0,0.6042590286491604,1.4899340783469859,-1.157023220189788,0.0,0.0
2663.0,0.0,0.30159223422421216,0.8442459954018386,-2.6634301871034536,0.0,0.0
2672.0,0.0,0.45384844279897024,1.0796050137356312,1.410340501005082,0.0,1.0
2675.0,1.0,0.387618458270872,1.0587009772880147,-0.08355900033885029,1.0,1.0
2679.0,0.0,0.4041292966252369,0.9895233245641167,0.6027679154954642,1.0,1.0
2679.0,0.0,0.44068546168893685,1.0541974488884682,-0.1395852790909986,1.0,0.0
2683.0,1.0,0.4697076246475059,0.8736754931202388,-0.825912194925313,1.0,1.0
2683.0,1.0,0.5889396207887249,0.6967981540054373,-1.515807564639165,0.0,0.0
2683.0,0.0,0.4229287857660375,1.0217594377783343,-0.825912194925313,1.0,0.0
2692.0,0.0,0.33120774907539774,0.8816309677610592,-1.1009969414376397,1.0,1.0
2748.0,0.0,0.40494798076738303,0.9908847300008197,0.6027679154954642,1.0,0.0
2792.0,1.0,0.47090966906307935,0.8714453483249153,0.6027679154954642,1.0,0.0
2795.0,0.0,0.529634308521452,1.253552225631757,-1.1009969414376397,0.0,1.0
2795.0,0.0,0.41893667452472694,1.0147395878607135,-1.515807564639165,0.0,0.0
2878.0,1.0,0.5226290526120826,0.785207095807667,-1.543138361390766,1.0,1.0
2878.0,1.0,0.3556963023118422,1.153714665907516,-2.3883454405911277,0.0,0.0
2878.0,1.0,0.6158473857788926,0.6663534668856764,-1.515807564639165,0.0,0.0
2970.0,0.0,0.38873867154456526,0.9646086411251555,0.4316712891881235,0.0,1.0
2970.0,1.0,0.6119883133157945,0.6705553548283005,0.6027679154954642,1.0,0.0
3021.0,0.0,0.2579545212140282,0.7945981429311028,0.6027679154954642,0.0,1.0
3027.0,0.0,0.35719760238869275,0.9172771626317007,-0.8294806488048506,1.0,0.0
3046.0,0.0,0.5272544579594775,1.247241712462754,0.5686110014315365,1.0,0.0
3046.0,1.0,0.5025289178739518,0.8166137827896671,-0.7734543700527021,0.0,0.0
3046.0,1.0,0.41842646574188097,0.98075067947398,0.6027679154954642,0.0,0.0
3051.0,0.0,0.18242057862436944,0.7211873782508699,1.3042091651400853,1.0,0.0
3066.0,0.0,0.5461961681676291,1.2993014118742718,-0.9560968762908125,1.0,1.0
3066.0,1.0,0.6716000025945689,0.6110363892210687,-0.9560968762908125,0.0,0.0
3101.0,0.0,0.3021203433669265,0.8448848649041003,-0.08712745421838787,0.0,0.0
3197.0,0.0,0.27749471349151866,0.8160880901828982,1.3042091651400853,0.0,0.0
3260.0,0.0,0.5192655363526429,1.226514851754577,-0.8294806488048506,1.0,1.0
3260.0,1.0,0.4088513223587759,1.0037194895657826,-1.515807564639165,1.0,0.0
3273.0,0.0,0.35364392162539837,0.9122339514412826,0.5686110014315365,1.0,1.0
3273.0,1.0,0.4578148521089043,0.896371183014017,0.6027679154954642,0.0,0.0
3315.0,0.0,0.6167340451045114,1.5384303037678828,0.6143137954262338,1.0,1.0
3315.0,0.0,0.5123295009303646,1.2090703877692632,-1.1045653953171772,0.0,0.0
3315.0,0.0,0.47855423244627493,1.1307560557637555,-2.0295610961417503,0.0,0.0
3315.0,1.0,0.40747704181223154,1.0071046917419908,-0.08712745421838787,0.0,0.0
3315.0,0.0,0.4468789784912027,1.066001718404001,0.6027679154954642,0.0,0.0
3315.0,1.0,0.6461309366312624,0.6351221050114169,1.3042091651400853,1.0,0.0
3316.0,1.0,0.5692656824248791,0.7208796406595244,0.6027679154954642,0.0,1.0
3316.0,0.0,0.42134275570554786,1.0189589177833218,-1.973534817389602,0.0,0.0
3317.0,0.0,0.4284142805545204,1.0315652392186743,0.6027679154954642,1.0,0.0
3317.0,0.0,0.4067576282749511,0.993907359818577,1.3042091651400853,1.0,0.0
3317.0,0.0,0.36081635613812246,0.9224703496029509,0.6027679154954642,1.0,0.0
3412.0,0.0,0.24194509132395614,0.7778169531855545,1.3042091651400853,0.0,0.0
3446.0,0.0,0.3588105231833959,0.9195845857314379,-0.08355900033885029,1.0,1.0
3481.0,0.0,0.21987579939986127,0.755812932043592,0.6027679154954642,1.0,0.0
3487.0,0.0,0.1970061345300178,0.734287003635641,1.3042091651400853,0.0,0.0
3543.0,1.0,0.5126643390155751,0.80046925318474,1.3042091651400853,0.0,1.0
3543.0,0.0,0.6483882189902773,1.6769289064220803,1.3042091651400853,1.0,0.0
3544.0,1.0,0.691427889341434,0.5995519442952707,-0.1395852790909986,0.0,1.0
3556.0,0.0,0.158596972448818,0.7007675752365742,0.5686110014315365,0.0,1.0
3566.0,0.0,0.17803569966816313,0.7173401073206152,0.6027679154954642,0.0,1.0
3597.0,0.0,0.2162983617345312,0.7523628006172745,0.6027679154954642,1.0,1.0
3635.0,0.0,0.1422191173371236,0.6873876199983917,-0.269769960456498,0.0,0.0
3637.0,0.0,0.16333347486991426,0.7047347320631457,0.6027679154954642,0.0,0.0
3647.0,1.0,0.2403001745756468,1.7077475757599174,-0.08355900033885029,1.0,0.0
3647.0,0.0,0.22441922959613939,0.7602405602536059,0.6178822493057712,1.0,0.0
3648.0,1.0,0.2685649047426307,1.528018119044671,0.5686110014315365,1.0,1.0
3648.0,1.0,0.47673913129237516,0.8607895044692111,-0.1395852790909986,1.0,0.0
3648.0,1.0,0.3181176841062771,1.2900007169961296,-0.1395852790909986,0.0,0.0
3650.0,0.0,0.4339764209971419,1.0417021150470076,0.6027679154954642,0.0,1.0
3655.0,0.0,0.21207548850444763,0.748330520007033,-0.7734543700527021,1.0,0.0
3659.0,0.0,0.25848947573257247,0.7951713969215405,-3.4057833816899175,0.0,1.0
3659.0,0.0,0.21405508299365747,0.750215373438182,-1.157023220189788,1.0,0.0
3659.0,1.0,0.25923175387288,1.5830315324236117,-0.8294806488048506,0.0,0.0
3697.0,1.0,0.6512300893344617,0.630149078347461,0.6027679154954642,0.0,1.0
3697.0,1.0,0.44938846994451426,0.9131788375365175,-1.515807564639165,1.0,0.0
3703.0,1.0,0.5754409960078765,0.7131435602141714,-1.515807564639165,1.0,1.0
3703.0,0.0,0.5118273571569136,1.2078267147044508,-1.1458051310733963,1.0,0.0
3703.0,1.0,0.4276309180858258,0.9596407163990042,-0.8294806488048506,0.0,0.0
3705.0,0.0,0.1398053604248106,0.6854587697790635,0.6027679154954642,1.0,0.0
3728.0,0.0,0.24664481492547308,0.7826692788414595,-0.08712745421838787,0.0,1.0
3728.0,1.0,0.4262043801772603,0.9628527055859215,-0.08355900033885029,1.0,0.0
3753.0,0.0,0.22515427812316374,0.7609617537611921,1.410340501005082,0.0,1.0
3753.0,0.0,0.15754302591084363,0.6998908876637236,1.3042091651400853,0.0,0.0
3769.0,0.0,0.3334963983556243,0.8846583243647049,-1.157023220189788,1.0,1.0
3769.0,1.0,0.3049158451426279,1.3458534448883415,-1.9771032712691394,0.0,0.0
3821.0,1.0,0.3966478241425613,1.034600508583029,0.6027679154954642,0.0,1.0
3821.0,0.0,0.6644703336420607,1.7573049972420192,0.6027679154954642,1.0,0.0
3837.0,1.0,0.22929152532870858,1.7897392413345548,1.3042091651400853,0.0,1.0
3837.0,0.0,0.27411254781336325,0.8122856479163272,0.6027679154954642,1.0,0.0
3842.0,1.0,0.3553369849019268,1.1548813042906545,0.6027679154954642,1.0,0.0
3931.0,1.0,0.5502887270639742,0.7457395007449201,-0.8294806488048506,0.0,1.0
3931.0,1.0,0.4792961108764092,0.8561973095001054,-0.08712745421838787,0.0,0.0
3931.0,1.0,0.47916877887417686,0.856424831247204,-0.7734543700527021,1.0,0.0
3948.0,0.0,0.5671916806097845,1.3623304659311593,-1.9736795747300186,1.0,1.0
3948.0,0.0,0.35223805994514185,0.910254096379635,0.6027679154954642,1.0,0.0
3952.0,1.0,0.39496664228693423,1.0390043022623665,-0.08712745421838787,0.0,0.0
3993.0,0.0,0.29917327732284815,0.8413320159388054,0.6027679154954642,1.0,1.0
3993.0,0.0,0.2774407918337609,0.8160271888447079,-0.2549812975696407,0.0,0.0
3995.0,1.0,0.42681827388028015,0.9614678323293921,0.6027679154954642,1.0,1.0
3995.0,1.0,0.6284117381719889,0.65303051432488,1.3042091651400853,0.0,0.0
3995.0,0.0,0.639829663589378,1.6370808470510265,0.6027679154954642,0.0,0.0
4007.0,1.0,0.6430690279978019,0.638146175168692,0.6027679154954642,0.0,0.0
4012.0,0.0,0.2219020831301462,0.7577811823294941,-0.08355900033885029,1.0,1.0
4041.0,0.0,0.2787375631557003,0.8174943394993941,1.3042091651400853,1.0,1.0
4041.0,0.0,0.1904126106496666,0.7283067488080698,0.6027679154954642,1.0,0.0
4133.0,0.0,0.1929949494897741,0.7306372606230459,1.3042091651400853,1.0,1.0
4136.0,1.0,0.32968210224138195,1.244750739564823,0.6027679154954642,0.0,1.0
4151.0,0.0,0.18874076084549254,0.7268058481876436,1.3042091651400853,0.0,0.0
4167.0,1.0,0.3432488187282711,1.1955526667408927,0.6027679154954642,1.0,1.0
4194.0,0.0,0.42997384175298586,1.0343875467522772,-0.08355900033885029,1.0,1.0
4199.0,1.0,0.5898814108295939,0.6956856633422457,1.3042091651400853,0.0,1.0
4199.0,1.0,0.5265244517656554,0.7793978783133388,-1.6459922460046645,1.0,0.0
4199.0,0.0,0.4420998351195324,1.0568700217898026,0.6027679154954642,0.0,0.0
4199.0,0.0,0.48199816216331287,1.138273875390475,-1.515807564639165,1.0,0.0
4212.0,1.0,0.5241466575182835,0.7829336211534097,0.6027679154954642,1.0,1.0
4232.0,0.0,0.24214643557169072,0.778023601246163,-0.08355900033885029,1.0,1.0
4232.0,1.0,0.24295098177817978,1.6891145595819224,-0.08712745421838787,0.0,0.0
4246.0,0.0,0.20204943449148463,0.7389279297496305,0.6027679154954642,0.0,1.0
4246.0,1.0,0.28077161978636755,1.4615866122740186,0.6027679154954642,1.0,0.0
4275.0,0.0,0.36058359301250786,0.9221345479570845,-0.2592634422250859,1.0,1.0
4277.0,0.0,0.363774763791242,0.9267597791739997,-1.1500872757288414,0.0,1.0
4277.0,0.0,0.304534094697856,0.8478172041483347,-3.194605104048566,0.0,0.0
4295.0,1.0,0.09676639282712808,2.086554730403893,-0.08712745421838787,0.0,0.0
4323.0,1.0,0.3983938688549523,1.0300661547973131,0.6027679154954642,1.0,1.0
4323.0,1.0,0.420863155772415,0.975072383879946,-0.7734543700527021,1.0,0.0
4323.0,0.0,0.6217901761024273,1.5589969433830413,1.3042091651400853,0.0,0.0
4323.0,1.0,0.6332928345410994,0.6479972900429422,0.6027679154954642,0.0,0.0
4391.0,0.0,0.22687729762321757,0.7626576707695725,0.6027679154954642,0.0,1.0
4391.0,1.0,0.17104732454578928,2.086554730403893,0.6027679154954642,1.0,0.0
4400.0,0.0,0.19362567157218985,0.7312087434174066,0.6027679154954642,1.0,0.0
4416.0,0.0,0.5159046121507294,1.2179995393745469,0.4316712891881235,1.0,1.0
4416.0,0.0,0.34943099045123477,0.9063265399357406,-1.8433501360241025,1.0,0.0
4417.0,0.0,0.3728729565774433,0.9402049642060554,-1.8469185899036398,0.0,0.0
4485.0,1.0,0.43764790537328857,0.9376762359600966,-0.08355900033885029,0.0,0.0
4538.0,0.0,0.2385786274692935,0.7743779997323043,-0.08355900033885029,1.0,1.0
4544.0,1.0,0.43601531301037555,0.9411872205884669,1.3042091651400853,0.0,1.0
4544.0,0.0,0.43313597681959204,1.0401576662170735,-0.825912194925313,1.0,0.0
4581.0,1.0,0.2672775604623504,1.535377829236256,-0.1395852790909986,0.0,0.0
4618.0,1.0,0.3016815739920029,1.3602820853656912,-0.08355900033885029,1.0,0.0
4641.0,0.0,0.18601691459200853,0.7243737246925911,-0.08712745421838787,0.0,1.0
4641.0,1.0,0.18432585846174704,2.086554730403893,-0.95966533017035,0.0,0.0
4730.0,1.0,0.22515835238192647,1.8225930161815593,-0.1395852790909986,1.0,1.0
4730.0,1.0,0.2791892358108825,1.4698705678761341,-0.08355900033885029,1.0,0.0
4733.0,1.0,0.2524417217291457,1.6256110035034126,-0.08355900033885029,1.0,1.0
4735.0,1.0,0.3060207187636095,1.3409943034061171,1.3042091651400853,1.0,0.0
4763.0,0.0,0.3125717693802298,0.8577302082606625,1.3042091651400853,0.0,1.0
4787.0,1.0,0.24782557985257853,1.655890569610932,-0.825912194925313,1.0,1.0
4787.0,0.0,0.44981013397707825,1.0716808793224655,-1.8433501360241025,1.0,0.0
4801.0,0.0,0.266218923246819,0.8035475131393789,1.3042091651400853,0.0,0.0
4863.0,0.0,0.318464367683233,0.8651461955252613,1.3042091651400853,0.0,1.0
4863.0,0.0,0.2504298751452031,0.7866214779143901,1.3042091651400853,0.0,0.0
4916.0,1.0,0.2980055138109092,1.3770619051251365,-0.269769960456498,1.0,1.0
4930.0,0.0,0.27027498098107794,0.8080139011904496,-0.8294806488048506,0.0,1.0
4934.0,0.0,0.2926655331542059,0.8335914437240324,0.6027679154954642,0.0,1.0
4950.0,1.0,0.5815385292562244,0.705666125185382,-1.8433501360241025,0.0,1.0
4950.0,1.0,0.47921964806351514,0.8563339217090189,-0.1395852790909986,1.0,0.0
4950.0,1.0,0.4418955769307936,0.9286629285509123,-1.515807564639165,1.0,0.0
4950.0,0.0,0.37237492237696707,0.9394588910417937,-1.515807564639165,1.0,0.0
4974.0,0.0,0.28395010552825123,0.8234453548083269,0.6178822493057712,0.0,1.0
5064.0,0.0,0.23594354584943875,0.7717073211157838,0.6143137954262338,0.0,1.0
5064.0,0.0,0.19009636655477305,0.7280223659518009,0.6027679154954642,1.0,0.0
5069.0,0.0,0.28668831576201725,0.8266063383549402,0.6027679154954642,1.0,0.0
5088.0,1.0,0.3859829470878782,1.0631869715550277,0.6027679154954642,1.0,1.0
5088.0,0.0,0.329592641926378,0.8795069927454512,-1.1045653953171772,0.0,0.0
5105.0,0.0,0.25160779060763866,0.7878595634934363,0.6027679154954642,1.0,0.0
5236.0,0.0,0.2766490336945933,0.8151339901090376,0.4316712891881235,1.0,1.0
5285.0,0.0,0.25238595622406046,0.7886796192802207,-0.1395852790909986,1.0,1.0
5285.0,1.0,0.4558348566435657,0.9002647222020824,0.6027679154954642,1.0,0.0
5286.0,1.0,0.32845461717853663,1.2494025631650099,-2.3883454405911277,0.0,1.0
5286.0,0.0,0.2140230609251414,0.7501848083580942,-0.269769960456498,0.0,0.0
5286.0,0.0,0.44157030157965454,1.0558678399119186,-0.41467002560332517,0.0,0.0
5311.0,1.0,0.41515206574248503,0.9884860860617655,0.6027679154954642,1.0,1.0
5311.0,0.0,0.2918996489421395,0.8326898278370919,-0.1395852790909986,1.0,0.0
5325.0,0.0,0.11075149644197116,0.6630632011800484,-1.2872079015552873,0.0,0.0
5325.0,0.0,0.09300151839568312,0.6500870413485242,-0.269769960456498,0.0,0.0
5333.0,1.0,0.17862887420634382,2.086554730403893,-1.1458051310733963,1.0,0.0
5339.0,1.0,0.30059486630239013,1.3651997641683702,1.410340501005082,0.0,1.0
5339.0,0.0,0.16799255637869606,0.7086811108893504,0.6027679154954642,1.0,0.0
5406.0,0.0,0.2848537378231075,0.8244858298202346,1.3042091651400853,1.0,1.0
5434.0,1.0,0.30045579741237427,1.3658316601660108,1.410340501005082,1.0,1.0
5434.0,0.0,0.2010899288072462,0.7380404637200951,1.410340501005082,0.0,0.0
5462.0,0.0,0.22420945000113415,0.7600349854926902,-0.08355900033885029,1.0,1.0
5462.0,1.0,0.27819679175228945,1.4751142096262817,-0.08712745421838787,0.0,0.0
5462.0,1.0,0.4655398234604659,0.8814971779124176,-0.1395852790909986,1.0,0.0
5466.0,1.0,0.36866377677688017,1.1131336096375097,1.410340501005082,0.0,1.0
5467.0,1.0,0.4322396781239368,0.9494085373360358,0.6027679154954642,1.0,1.0
5476.0,1.0,0.5336201914104526,0.7690339443519929,-0.7734543700527021,0.0,1.0
5518.0,0.0,0.6903179828866233,1.90397868403798,-0.7734543700527021,0.0,1.0
5547.0,0.0,0.34178280959169227,0.8957954426076202,0.6178822493057712,1.0,1.0
5547.0,0.0,0.30412189716851284,0.8473150067728712,-0.08355900033885029,1.0,0.0
5547.0,0.0,0.2762960141714743,0.814736371444361,-0.08355900033885029,1.0,0.0
5547.0,0.0,0.20742115705584052,0.7439360319327828,-1.157023220189788,1.0,0.0
5557.0,1.0,0.14839154703593563,2.086554730403893,-0.08355900033885029,1.0,1.0
5557.0,0.0,0.17609663200734207,0.7156518377274173,1.3042091651400853,1.0,0.0
5612.0,0.0,0.5052524173200627,1.1917753215081335,-0.08712745421838787,0.0,1.0
5612.0,0.0,0.39524536547734196,0.9749870869185757,1.3042091651400853,1.0,0.0
5612.0,0.0,0.47062122197480183,1.1138111006514284,-0.08712745421838787,0.0,0.0
5647.0,0.0,0.48337239422774764,1.1413016897004205,-1.1009969414376397,0.0,1.0
5648.0,0.0,0.16045055525936022,0.702314751212666,0.6027679154954642,0.0,0.0
5648.0,0.0,0.402660895805492,0.9870908421588237,1.3042091651400853,0.0,0.0
5707.0,0.0,0.18356637544126225,0.7221995048678128,0.5686110014315365,0.0,1.0
5713.0,0.0,0.24593643838178647,0.7819340297367214,-0.3222128320722189,1.0,1.0
5713.0,0.0,0.27478178547567716,0.8130352321618073,0.6027679154954642,1.0,0.0
5724.0,0.0,0.4457567466205078,1.0638432778721332,-0.08712745421838787,0.0,1.0
5740.0,1.0,0.4862127464105063,0.8440174463048142,0.6027679154954642,0.0,1.0
5740.0,1.0,0.3713081678469681,1.105206069033681,-0.08355900033885029,0.0,0.0
5740.0,0.0,0.307758830175571,0.8517666748472931,-0.1395852790909986,1.0,0.0
5740.0,1.0,0.6107299579942673,0.6719369751141269,0.6027679154954642,0.0,0.0
5782.0,1.0,0.5031507500427334,0.8156045490370277,1.3042091651400853,0.0,1.0
5793.0,0.0,0.38315056100216005,0.9558701396757191,0.6027679154954642,1.0,1.0
5793.0,0.0,0.2855812192896608,0.8253253908407799,-0.08712745421838787,1.0,0.0
5793.0,0.0,0.3840654017778313,0.9572898829123322,1.3042091651400853,1.0,0.0
5805.0,0.0,0.3815075025980306,0.953330819517677,-0.41467002560332517,0.0,1.0
5813.0,1.0,0.4551488751576614,0.9016215638105112,-0.2592634422250859,0.0,1.0
5818.0,1.0,0.48885558528106876,0.839454540240757,0.6027679154954642,1.0,1.0
5818.0,0.0,0.3797990268896677,0.9507046666772334,0.5867482020039051,1.0,0.0
5840.0,0.0,0.3515037278922694,0.9092233599082327,-0.8294806488048506,0.0,0.0
5840.0,0.0,0.30855722181069867,0.852750188465093,-0.8294806488048506,0.0,0.0
5840.0,0.0,0.3084483796958029,0.8526159755860175,-1.6984500708772756,1.0,0.0
5849.0,1.0,0.4580095750958728,0.8959900903825967,-0.41467002560332517,1.0,1.0
5852.0,0.0,0.4081190319714821,0.996193476836621,-0.08712745421838787,1.0,0.0
5861.0,0.0,0.35927923583140264,0.9202572983238003,-0.08355900033885029,1.0,0.0
5887.0,1.0,0.3969228051529329,1.0338837558807712,-0.08355900033885029,1.0,1.0
5888.0,0.0,0.4010782898720635,0.9844825282553257,-0.41467002560332517,0.0,1.0
5888.0,1.0,0.4715017860922662,0.8703509778559817,-0.2592634422250859,1.0,0.0
5889.0,1.0,0.5627197923283305,0.7292653398386345,0.18941497168653496,1.0,1.0
5906.0,0.0,0.529595684436028,1.2534492986248307,-0.2549812975696407,1.0,1.0
5909.0,1.0,0.6056619768134212,0.677559523788075,1.3042091651400853,0.0,0.0
5919.0,0.0,0.22969556637080207,0.7654479627434987,1.3042091651400853,0.0,0.0
5932.0,1.0,0.49160149649390134,0.8347656455747521,-0.8294806488048506,0.0,0.0
5941.0,1.0,0.4388339043704894,0.9351420583031924,1.3042091651400853,0.0,0.0
5951.0,0.0,0.4676265670712339,1.107545799515223,-0.1395852790909986,1.0,1.0
5951.0,0.0,0.5051856363591748,1.191614477549306,-1.012123155042961,0.0,0.0
5952.0,0.0,0.4185630761533739,1.0140875737869182,-2.3883454405911277,0.0,0.0
5952.0,0.0,0.4803857885850877,1.1347417881589386,-2.719456465855602,0.0,0.0
5965.0,0.0,0.3614575059481923,0.9233965866113764,-0.825912194925313,1.0,0.0
5976.0,1.0,0.445227380279152,0.9217133958135002,1.3042091651400853,0.0,1.0
5976.0,0.0,0.4823635189628054,1.1390772888191911,0.2867712240412963,1.0,0.0
5978.0,0.0,0.5773926145334795,1.3952145175192763,-0.2592634422250859,0.0,1.0
5999.0,1.0,0.531379544254383,0.7722766994391332,-1.0828557412262632,1.0,1.0
5999.0,0.0,0.3421102431908036,0.8962412825417501,-0.41467002560332517,0.0,0.0
6003.0,0.0,0.43296558171398614,1.0398450965217143,-0.7734543700527021,1.0,1.0
6004.0,0.0,0.47320932381628467,1.1192832107152269,0.6027679154954642,1.0,1.0
6019.0,0.0,0.3683114108823542,0.9334155619897414,0.6027679154954642,0.0,1.0
6019.0,0.0,0.369212027644471,0.9347482597233546,0.6027679154954642,0.0,0.0
6033.0,1.0,0.4753302453341182,0.8633408974381335,0.4316712891881235,0.0,1.0
6033.0,1.0,0.41457893707717197,0.9898526043783475,-0.269769960456498,0.0,0.0
6046.0,1.0,0.5445647638559923,0.7535780274883279,0.6027679154954642,0.0,1.0
6046.0,1.0,0.5180594077302432,0.7921331694065656,-0.7734543700527021,0.0,0.0
6046.0,0.0,0.3657294282275448,0.9296158227332726,-1.8469185899036398,0.0,0.0
6046.0,0.0,0.6703807196635504,1.7888151409465736,-1.702018524756813,0.0,0.0
6047.0,1.0,0.572789737262247,0.7164444714873799,-0.7734543700527021,1.0,1.0
6047.0,1.0,0.4249789856695118,0.9656290179613134,0.6027679154954642,0.0,0.0
6048.0,1.0,0.6555545712406008,0.6259921882775363,0.6027679154954642,0.0,0.0
6066.0,0.0,0.5462526895872891,1.2994632604597736,-0.08355900033885029,1.0,1.0
6072.0,0.0,0.416359494644037,1.0102588048684857,-1.7908923111514916,0.0,0.0
6076.0,0.0,0.44349443358639046,1.0595185295514675,-0.08712745421838787,0.0,1.0
6084.0,0.0,0.6801162619556345,1.8432570627644007,-0.95966533017035,0.0,0.0
6119.0,0.0,0.5439573691790721,1.2929228970378444,-0.2592634422250859,1.0,1.0
6119.0,1.0,0.35358835679961526,1.1605926289558535,-1.702018524756813,0.0,0.0
6119.0,1.0,0.460410992683454,0.891316773725228,-0.08712745421838787,0.0,0.0
6119.0,0.0,0.4967102459524941,1.1715477111781196,0.6027679154954642,1.0,0.0
6169.0,1.0,0.5576913685320966,0.7358407602154378,-0.08712745421838787,0.0,1.0
6169.0,0.0,0.4124459793190152,1.003529783917342,-0.41467002560332517,0.0,0.0
6169.0,0.0,0.4340584958819659,1.0418531864571996,0.6027679154954642,1.0,0.0
6174.0,1.0,0.5198425299169057,0.7894160576893193,-0.08355900033885029,1.0,1.0
6175.0,0.0,0.5107188050515641,1.2050901720755762,-0.1395852790909986,0.0,0.0
6177.0,1.0,0.5425594363095303,0.7563632905872609,0.6027679154954642,0.0,1.0
6177.0,0.0,0.47151846658856755,1.1157021052516478,0.6027679154954642,0.0,0.0
6178.0,0.0,0.5488596382031966,1.3069723069454082,-0.08355900033885029,1.0,1.0
6197.0,1.0,0.5580273201850265,0.7353977587516283,1.3042091651400853,1.0,1.0
6197.0,1.0,0.4878122239073318,0.8412500148093929,1.3042091651400853,1.0,0.0
6202.0,0.0,0.3612056885894292,0.9230325769679312,0.6027679154954642,1.0,0.0
6210.0,0.0,0.44174356697652933,1.0561955483797614,-0.4031241456725556,0.0,1.0
6227.0,1.0,0.4475317467924169,0.9169674409189851,0.6143137954262338,0.0,0.0
6232.0,0.0,0.4124730743268196,1.0035760637491917,1.3042091651400853,0.0,1.0
6234.0,1.0,0.5509740404234809,0.7448119339176709,-1.6459922460046645,1.0,1.0
6234.0,1.0,0.5055599330916191,0.8117178868917149,-0.95966533017035,0.0,0.0
6234.0,0.0,0.4336833156401711,1.0411629671131386,0.5686110014315365,1.0,0.0
6235.0,0.0,0.48369912245129343,1.142023934209041,-0.7734543700527021,1.0,1.0
6243.0,0.0,0.46568738195176645,1.1035261745597167,-0.8294806488048506,0.0,1.0
6280.0,0.0,0.48526874875624915,1.1455064327045028,0.6027679154954642,1.0,1.0
6280.0,0.0,0.5401532718327036,1.2822271493888768,-0.08712745421838787,0.0,0.0
6280.0,0.0,0.5362637297444964,1.2714725960272386,-0.2549812975696407,1.0,0.0
6280.0,0.0,0.4309655653401683,1.0361902962273861,-1.6459922460046645,0.0,0.0
6280.0,1.0,0.4708339640098298,0.8715854673935083,0.6027679154954642,0.0,0.0
6282.0,0.0,0.46422477172391846,1.1005136637446828,-2.3883454405911277,0.0,1.0
6282.0,1.0,0.403800448045863,1.0162743567328494,-0.7734543700527021,0.0,0.0
6282.0,0.0,0.4651872070299808,1.102494119744828,-2.3883454405911277,0.0,0.0
6282.0,1.0,0.5016405830512314,0.8180598907890501,-2.3883454405911277,0.0,0.0
6291.0,0.0,0.5740985731236725,1.3844235360708697,-0.08712745421838787,0.0,1.0
6291.0,1.0,0.44069494137747955,0.9311929910144793,0.6178822493057712,1.0,0.0
6293.0,1.0,0.44002760755138753,0.9326052128179741,1.3042091651400853,0.0,1.0
6293.0,1.0,0.4993524370568332,0.8218084265393097,-0.1395852790909986,1.0,0.0
6294.0,0.0,0.5410312154389475,1.284679872025853,-0.7734543700527021,1.0,1.0
6294.0,1.0,0.3565316178961589,1.151011635399383,0.6027679154954642,1.0,0.0
6296.0,1.0,0.4463064062679186,0.9194849879432352,0.6027679154954642,1.0,1.0
6297.0,1.0,0.5799274414315281,0.7076265257827057,-2.719456465855602,0.0,1.0
6297.0,1.0,0.6721611054519524,0.6105263117096265,-0.7734543700527021,1.0,0.0
6335.0,1.0,0.6562307714260599,0.625347146849672,-0.08355900033885029,1.0,0.0
6338.0,1.0,0.5000655846532281,0.8206364388599535,0.6027679154954642,0.0,1.0
6338.0,1.0,0.37840194918658515,1.0844871213490936,1.410340501005082,0.0,0.0
6338.0,0.0,0.41697090261703934,1.0113182379068453,1.3042091651400853,0.0,0.0
6365.0,1.0,0.5230387813883995,0.7845919943009171,-0.1395852790909986,1.0,1.0
6365.0,0.0,0.6793634125615836,1.8389291257255604,-1.6984500708772756,1.0,0.0
6368.0,0.0,0.4066896002851545,0.9937934000434493,0.6027679154954642,0.0,1.0
6368.0,1.0,0.6845562892228174,0.5995519442952707,-0.08712745421838787,0.0,0.0
6369.0,1.0,0.5419483570093953,0.7572161355941366,0.6027679154954642,1.0,1.0
6371.0,1.0,0.5583999760468471,0.7349069809985406,-0.08355900033885029,1.0,1.0
6371.0,0.0,0.4749455453036453,1.1229843955037828,-1.8469185899036398,0.0,0.0
6375.0,0.0,0.5583377425369288,1.3350200282011984,1.3042091651400853,0.0,1.0
6375.0,0.0,0.434702405733541,1.0430399233856051,0.6143137954262338,1.0,0.0
6384.0,0.0,0.6704863834126109,1.7893887527934105,0.6143137954262338,0.0,0.0
6389.0,1.0,0.5639355722445087,0.7276931280517244,-0.1395852790909986,0.0,1.0
6389.0,0.0,0.37793909640060785,0.9478621080380182,-0.825912194925313,1.0,0.0
6394.0,0.0,0.4686910673036722,1.1097648150228991,-2.3883454405911277,1.0,1.0
6445.0,1.0,0.6734671025169846,0.6093423703289149,-0.08355900033885029,1.0,0.0
6448.0,0.0,0.547310567678316,1.3024999421562835,-0.9560968762908125,0.0,1.0
6448.0,1.0,0.514425061433212,0.7977294874455189,0.6027679154954642,0.0,0.0
6448.0,0.0,0.46990648473917473,1.1123093236174297,0.6027679154954642,0.0,0.0
6448.0,0.0,0.5062519902859677,1.1941880226621133,-0.1395852790909986,1.0,0.0
6482.0,1.0,0.4721193741109943,0.8692124557671046,-0.08355900033885029,1.0,1.0
6482.0,1.0,0.4114566169358012,0.9973640566103117,0.6027679154954642,1.0,0.0
6486.0,1.0,0.4222855859423983,0.9717879422060653,-0.08712745421838787,0.0,1.0
6602.0,0.0,0.3950184488909219,0.9746213885908139,0.5686110014315365,1.0,1.0
6606.0,0.0,0.5534768035681671,1.320486738708026,-0.08712745421838787,1.0,1.0
6606.0,1.0,0.36813727835010435,1.1147255785271915,-0.08712745421838787,1.0,0.0
6658.0,1.0,0.4825034454996619,0.8505059278100706,-1.702018524756813,0.0,1.0
6658.0,0.0,0.44789335024294913,1.0679602567243383,-1.6984500708772756,1.0,0.0
6674.0,0.0,0.21221615119380596,0.7484641381100605,1.3042091651400853,1.0,0.0
6676.0,0.0,0.46169045468425857,1.095332535981528,-0.2549812975696407,1.0,1.0
6676.0,0.0,0.2821874264753436,0.821423281175641,-0.825912194925313,1.0,0.0
6676.0,1.0,0.41508507906924846,0.9886456085254358,-1.6984500708772756,1.0,0.0
6749.0,0.0,0.5444020710883539,1.2941848985623914,0.2867712240412963,0.0,1.0
6749.0,0.0,0.4209117158148701,1.0182004635846766,1.3042091651400853,1.0,0.0
6749.0,0.0,0.4606028851044497,1.0931240511509424,-0.1395852790909986,1.0,0.0
6773.0,1.0,0.4888983196155573,0.8393811639789225,-0.9560968762908125,1.0,1.0
6825.0,0.0,0.48919319199321004,1.1543071669591305,-0.9445509963600428,0.0,1.0
6825.0,1.0,0.448304249235286,0.9153873542047735,-0.1395852790909986,0.0,0.0
6847.0,1.0,0.45386722866471124,0.9041675949893333,1.3042091651400853,0.0,1.0
6847.0,0.0,0.6733195529721628,1.80490740960542,-1.157023220189788,1.0,0.0
6858.0,0.0,0.537593269750535,1.275128411508315,-0.8294806488048506,0.0,1.0
6858.0,0.0,0.4142431081248565,1.0066086589715038,-0.1395852790909986,1.0,0.0
6858.0,0.0,0.34752171199141124,0.9036744520853586,-0.08355900033885029,1.0,0.0
6862.0,1.0,0.2606355465766353,1.5745052659790713,0.6027679154954642,0.0,0.0
6967.0,1.0,0.5611283263815432,0.7313336741214707,0.6027679154954642,0.0,1.0
6967.0,0.0,0.4774526447250032,1.1283722967145349,-1.1458051310733963,1.0,0.0
7000.0,1.0,0.6892608122663162,0.5995519442952707,-0.269769960456498,0.0,0.0
7066.0,1.0,0.47134357840786006,0.8706431134002747,-0.2592634422250859,0.0,1.0
7066.0,1.0,0.4261374425363415,0.9630039504243957,1.3042091651400853,0.0,0.0
7066.0,0.0,0.3573906639291919,0.9175527436607054,-0.269769960456498,1.0,0.0
7066.0,0.0,0.2953175239991863,0.8367285685320113,0.6027679154954642,0.0,0.0
7077.0,1.0,0.334088239912178,1.2283342888517133,1.3042091651400853,0.0,0.0
7077.0,1.0,0.4390207835944507,0.9347439937270272,1.3042091651400853,0.0,0.0
7085.0,0.0,0.44900500237925023,1.0701149047810332,1.3042091651400853,1.0,1.0
7085.0,1.0,0.38912292651694874,1.054607715509077,0.6178822493057712,1.0,0.0
7094.0,0.0,0.5656524608988834,1.3575027054003597,0.6027679154954642,1.0,1.0
7094.0,0.0,0.4575131139943609,1.0868980884592758,-2.5332455057379546,0.0,0.0
7116.0,1.0,0.51759945744652,0.792837076396369,0.6027679154954642,0.0,1.0
7116.0,0.0,0.37494429246532124,0.9433206549530484,0.6027679154954642,1.0,0.0
7116.0,0.0,0.3111899144044728,0.8560094745186219,0.6027679154954642,1.0,0.0
7124.0,1.0,0.4532487526350221,0.9054013677930566,-0.08355900033885029,1.0,1.0
7124.0,0.0,0.3830749023757839,0.9557529134159343,-0.269769960456498,1.0,0.0
7126.0,0.0,0.5326194053599989,1.2615584946737335,0.5686110014315365,1.0,1.0
7126.0,1.0,0.40952343713775696,1.0020721730956839,0.6027679154954642,1.0,0.0
7126.0,1.0,0.3432319403734115,1.1956114577792227,1.3042091651400853,0.0,0.0
7130.0,0.0,0.5607846090358518,1.3424574173492108,-0.08712745421838787,0.0,1.0
7130.0,1.0,0.6736495871238249,0.6091773058725477,1.3042091651400853,0.0,0.0
7138.0,1.0,0.5649738564307774,0.726355805521288,0.5686110014315365,1.0,1.0
7138.0,1.0,0.4922412706349769,0.8336806868243245,-1.515807564639165,1.0,0.0
7156.0,1.0,0.6920103198760764,0.5995519442952707,-1.515807564639165,1.0,1.0
7163.0,1.0,0.5257456965089907,0.7805523531836043,1.3042091651400853,1.0,1.0
7163.0,0.0,0.4785482675862132,1.130743121102276,1.3042091651400853,0.0,0.0
7179.0,1.0,0.45833243836427956,0.8953589277922432,-0.8294806488048506,1.0,1.0
7179.0,0.0,0.4592931298260291,1.0904761746860052,0.6027679154954642,1.0,0.0
7183.0,1.0,0.5372562213826838,0.7638292945777554,0.6027679154954642,0.0,1.0
7198.0,0.0,0.46055011412105973,1.0930171177125332,0.6027679154954642,1.0,1.0
7198.0,1.0,0.5923179862882533,0.6928238717818321,-0.4031241456725556,0.0,0.0
7207.0,0.0,0.2696407077361537,0.8073121895747003,0.4316712891881235,1.0,0.0
7207.0,0.0,0.23310098076126914,0.7688469337189318,0.6178822493057712,1.0,0.0
7217.0,1.0,0.5437207658137413,0.7547477793533899,-0.7734543700527021,0.0,1.0
7220.0,0.0,0.4530088207753382,1.0779478386644705,-1.6984500708772756,1.0,1.0
7244.0,1.0,0.4380351561379141,0.9368472709004236,0.6178822493057712,0.0,1.0
7252.0,0.0,0.4220101774926039,1.0201355395080667,-0.825912194925313,1.0,0.0
7256.0,1.0,0.40080099965092614,1.0238797830934938,-1.1458051310733963,1.0,1.0
7256.0,1.0,0.6685476964294701,0.6138261230693491,-1.702018524756813,0.0,0.0
7295.0,1.0,0.5146813625280549,0.7973322340069711,-0.41467002560332517,1.0,1.0
7295.0,0.0,0.39826404756252,0.9798782290227477,0.6027679154954642,1.0,0.0
7302.0,1.0,0.5323589880211216,0.770855850695178,1.3042091651400853,0.0,1.0
7302.0,0.0,0.4850477914027476,1.1450149151120665,1.3042091651400853,0.0,0.0
7323.0,1.0,0.48376449248857806,0.8482888822104588,-2.6634301871034536,0.0,1.0
7324.0,1.0,0.3721765618353826,1.102627308292878,0.6027679154954642,0.0,0.0
7324.0,1.0,0.6764705414670217,0.6066369715025524,-0.269769960456498,0.0,0.0
7325.0,1.0,0.4980190395302649,0.8240087386484493,0.6027679154954642,1.0,0.0
7391.0,1.0,0.49875480924851767,0.8227931500140525,1.3042091651400853,0.0,1.0
7391.0,0.0,0.43074662752917287,1.035791772044304,-0.08355900033885029,0.0,0.0
7433.0,0.0,0.550787362516351,1.312580969931453,-0.8294806488048506,0.0,1.0
7433.0,0.0,0.3819384115354577,0.9539954762090521,-0.7734543700527021,0.0,0.0
7441.0,1.0,0.42413844755882385,0.9675426572341834,-2.715888011976064,0.0,0.0
7464.0,1.0,0.5045912730109445,0.813276135628578,0.5867482020039051,1.0,1.0
7464.0,0.0,0.38862866190086337,0.9644350702586313,1.3042091651400853,1.0,0.0
7480.0,1.0,0.27442469162015926,1.4953903679857494,0.2867712240412963,0.0,0.0
7485.0,0.0,0.4610441540506826,1.0940190441300122,-0.7734543700527021,1.0,1.0
7496.0,0.0,0.3708717829302173,0.9372142965705715,0.6178822493057712,0.0,0.0
7496.0,0.0,0.5155388556451652,1.217079979033142,-0.7734543700527021,0.0,0.0
7622.0,1.0,0.5650799507767099,0.7262194314666163,-0.08355900033885029,1.0,1.0
7622.0,0.0,0.4210011765643724,1.0183577851075,0.6027679154954642,0.0,0.0
7648.0,0.0,0.6068676941644692,1.4998206727391885,-0.08355900033885029,0.0,1.0
7648.0,0.0,0.47432990249082724,1.121669203189678,0.6027679154954642,1.0,0.0
7648.0,1.0,0.48073270199430534,0.8536387037616321,0.6143137954262338,0.0,0.0
7648.0,1.0,0.3761243317031644,1.09105422328835,0.6027679154954642,1.0,0.0
7665.0,1.0,0.62455253864197,0.6570656833427667,0.6027679154954642,0.0,1.0
7681.0,0.0,0.5753521547910799,1.3885104235573515,-0.08712745421838787,0.0,1.0
7681.0,0.0,0.40565200280492675,0.9920584610302475,-1.1458051310733963,1.0,0.0
7688.0,0.0,0.6627609502272778,1.7483976420023901,0.6027679154954642,1.0,1.0
7710.0,1.0,0.49987924342782947,0.8209423495406518,0.6027679154954642,0.0,1.0
7710.0,0.0,0.36320026825538326,0.9259236931497634,-0.08355900033885029,1.0,0.0
7795.0,0.0,0.5146985538750388,1.2149725992407816,0.6027679154954642,0.0,1.0
7795.0,1.0,0.45442265492965384,0.903062459880599,-1.6984500708772756,0.0,0.0
7795.0,1.0,0.3088144355626342,1.3288628811622165,1.3042091651400853,0.0,0.0
7797.0,1.0,0.5612672751143545,0.7311526233248414,-0.825912194925313,1.0,1.0
7797.0,0.0,0.3697519996580566,0.9355491157351541,0.6178822493057712,0.0,0.0
7798.0,0.0,0.5344724663615711,1.2665802059126174,-0.08712745421838787,0.0,1.0
7814.0,0.0,0.3541236482630386,0.9129115160015723,0.6027679154954642,1.0,0.0
7814.0,1.0,0.6142210279026593,0.6681178630232126,-0.7734543700527021,1.0,0.0
7830.0,1.0,0.41840566599212775,0.9807994344750744,-0.8294806488048506,1.0,1.0
7830.0,0.0,0.4156808538496631,1.0090854686148714,-1.1009969414376397,1.0,0.0
7869.0,1.0,0.3019953467633392,1.3588687540534745,-0.8294806488048506,1.0,1.0
7882.0,1.0,0.43305168993606924,0.9476283088673049,-2.719456465855602,0.0,1.0
7882.0,1.0,0.37128952790856534,1.1052615539625588,0.5686110014315365,1.0,0.0
7882.0,0.0,0.24066641262357977,0.7765071494479556,-0.08712745421838787,0.0,0.0
7886.0,1.0,0.21687118183182946,1.8922386880542965,0.6027679154954642,0.0,1.0
7886.0,1.0,0.19527567456431247,2.086554730403893,-0.8294806488048506,0.0,0.0
7886.0,0.0,0.11517487527750504,0.6663779575638491,1.3042091651400853,0.0,0.0
7938.0,0.0,0.5383204738390625,1.2771369012543454,-0.269769960456498,0.0,1.0
7938.0,0.0,0.4273323631247391,1.0296163454094187,-1.6459922460046645,1.0,0.0
7938.0,0.0,0.3597976920647084,0.9210025520141529,-0.1395852790909986,1.0,0.0
7938.0,1.0,0.6647996310680511,0.6172868055401173,0.6143137954262338,0.0,0.0
7967.0,0.0,0.4701877866500328,1.112899900297836,-0.5857666519106658,1.0,1.0
7967.0,1.0,0.4107130408913107,0.9991697358712426,0.6027679154954642,1.0,0.0
7967.0,1.0,0.31240017515094354,1.3136101488674417,1.3042091651400853,0.0,0.0
7971.0,0.0,0.3828517743248684,0.9554073638771764,-0.1395852790909986,1.0,1.0
8000.0,0.0,0.2936553302164501,0.834759551019813,1.3042091651400853,0.0,0.0
8001.0,0.0,0.42270410435592465,1.0213617728148237,-1.515807564639165,0.0,0.0
8001.0,0.0,0.26523890393860244,0.8024757469800554,1.3042091651400853,0.0,0.0
8001.0,1.0,0.39441995055046725,1.040444429886255,0.6178822493057712,1.0,0.0
8059.0,0.0,0.46669978685085534,1.1056210833518958,-0.08712745421838787,0.0,1.0
8059.0,0.0,0.44019447882014423,1.0532728547782881,-0.825912194925313,1.0,0.0
8059.0,0.0,0.358995913721845,0.9198505470336319,-0.1395852790909986,1.0,0.0
8059.0,0.0,0.2967727268780237,0.8384600284287922,-0.95966533017035,0.0,0.0
8059.0,0.0,0.598153160651343,1.4672952520155857,-1.702018524756813,0.0,0.0
8059.0,1.0,0.43227637040324096,0.9493279500876669,-0.41467002560332517,1.0,0.0
8109.0,1.0,0.47167736859040593,0.870026988601617,-0.08355900033885029,1.0,1.0
8109.0,0.0,0.29049119678060803,0.8310368479408866,-2.3883454405911277,0.0,0.0
8174.0,0.0,0.48542524387262465,1.1458548100012131,-1.1500872757288414,1.0,1.0
8174.0,1.0,0.42569600954041914,0.9640025543797859,-0.7734543700527021,0.0,0.0
8174.0,0.0,0.3828026255391067,0.955331282685348,-1.702018524756813,0.0,0.0
8174.0,0.0,0.4178440362763438,1.0128350410469125,-0.08355900033885029,0.0,0.0
8175.0,1.0,0.5533784507981463,0.7415757516295761,-0.3222128320722189,0.0,0.0
8194.0,0.0,0.42228199906710506,1.020615522558804,0.5686110014315365,1.0,1.0
8257.0,0.0,0.33757501101782283,0.8901052484745838,1.3042091651400853,0.0,1.0
8257.0,1.0,0.451592507776248,0.9087219861264265,0.6027679154954642,1.0,0.0
8273.0,0.0,0.39407736724411835,0.973107666785749,0.5686110014315365,1.0,1.0
8283.0,1.0,0.4642909866498441,0.8838682041780351,-0.95966533017035,0.0,1.0
8283.0,0.0,0.35688821643704877,0.91683588216517,-0.41467002560332517,0.0,0.0
8286.0,0.0,0.426552435058439,1.028215996477101,-0.7734543700527021,0.0,1.0
8286.0,0.0,0.39447615631118027,0.9737485411338576,-0.08355900033885029,1.0,0.0
8287.0,1.0,0.508659202083699,0.806772076284427,-0.08712745421838787,0.0,1.0
8287.0,1.0,0.46549086081537633,0.8815898981720462,-0.3222128320722189,1.0,0.0
8287.0,0.0,0.3004873787412098,0.842912538665427,-0.8294806488048506,0.0,0.0
8298.0,1.0,0.41818969527508537,0.981305960483562,0.6027679154954642,0.0,1.0
8298.0,1.0,0.5374751187657699,0.7635182099751946,-1.1045653953171772,0.0,0.0
8317.0,1.0,0.5848797997062914,0.7016348329901664,1.3042091651400853,0.0,0.0
8319.0,0.0,0.29888347258953896,0.8409842534899522,0.6178822493057712,0.0,1.0
8319.0,1.0,0.5261985834994486,0.7798805497671504,-0.08355900033885029,1.0,0.0
8353.0,0.0,0.38360865947321304,0.9565805368223378,-0.41467002560332517,1.0,1.0
8353.0,1.0,0.3272679428112799,1.2539328999384707,0.6027679154954642,1.0,0.0
8353.0,0.0,0.38464466788278434,0.9581910298640904,0.6027679154954642,0.0,0.0
8357.0,0.0,0.28242457355166134,0.8216947482888811,1.3042091651400853,1.0,1.0
8401.0,1.0,0.35236626274074606,1.1646178535774792,-0.08712745421838787,0.0,0.0
8483.0,1.0,0.4438671751825111,0.9245379328117861,1.3042091651400853,0.0,1.0
8488.0,0.0,0.4327546310173597,1.039458392531714,1.3042091651400853,0.0,1.0
8505.0,0.0,0.4877372262059742,1.151026366891216,-0.08712745421838787,1.0,1.0
8505.0,0.0,0.4548347564702298,1.081558236537792,0.6027679154954642,1.0,0.0
8539.0,1.0,0.5629399820867668,0.7289800931620354,1.3042091651400853,1.0,1.0
8539.0,0.0,0.418881329256226,1.0146429448895338,-0.08712745421838787,0.0,0.0
8561.0,0.0,0.503520714456761,1.1876184497175821,-0.1395852790909986,0.0,0.0
8580.0,0.0,0.3591828807045907,0.9201189257585088,0.6027679154954642,0.0,1.0
8580.0,1.0,0.29184036153651266,1.4061524541214063,0.6027679154954642,0.0,0.0
8580.0,1.0,0.29569631418818587,1.3878158803328149,0.6027679154954642,0.0,0.0
8583.0,1.0,0.3565855344166967,1.1508375998974079,-0.08712745421838787,1.0,0.0
8598.0,0.0,0.5686191938181905,1.366838651521389,-1.6984500708772756,0.0,1.0
8598.0,1.0,0.5259350241896689,0.7802713675867545,-2.715888011976064,0.0,0.0
8598.0,1.0,0.6584918241709692,0.62319990244814,0.6027679154954642,1.0,0.0
8662.0,1.0,0.47123135218646756,0.8708504616302788,0.6027679154954642,0.0,1.0
8662.0,1.0,0.36436742050194904,1.12625887358678,0.5686110014315365,1.0,0.0
8662.0,1.0,0.6690809788354791,0.6133368808368896,-0.41467002560332517,1.0,0.0
8665.0,0.0,0.4985457004144153,1.1758358835511804,1.3042091651400853,1.0,1.0
8673.0,1.0,0.5284397148306148,0.7765730490521247,0.6027679154954642,1.0,1.0
8673.0,0.0,0.44495130347759504,1.0622995119311183,-0.08712745421838787,0.0,0.0
8693.0,1.0,0.521170792825844,0.7874041412819097,0.6143137954262338,0.0,1.0
8693.0,0.0,0.4737192008622387,1.1203676067600765,0.6027679154954642,1.0,0.0
8867.0,1.0,0.39460566797582375,1.0399547545561052,-2.719456465855602,0.0,1.0
8883.0,1.0,0.30844032736234844,1.3304746629455828,1.3042091651400853,1.0,1.0
8889.0,1.0,0.36355483645872155,1.1287761829372331,0.6027679154954642,1.0,1.0
8895.0,1.0,0.3580816701504388,1.1460291737743473,1.410340501005082,1.0,0.0
8926.0,0.0,0.37734558768688947,0.9469586142067704,0.6143137954262338,0.0,1.0
8926.0,0.0,0.3213337526945022,0.8688040133935473,0.5686110014315365,1.0,0.0
8934.0,0.0,0.3631302959612283,0.9258219627571711,0.6027679154954642,1.0,1.0
8955.0,0.0,0.44609013878013287,1.0644835932605092,-1.4759068268881879,1.0,1.0
8955.0,1.0,0.5781548463616646,0.7097960748209964,-0.269769960456498,0.0,0.0
8962.0,0.0,0.508341537487748,1.1992633186885517,-1.0828557412262632,1.0,1.0
8962.0,1.0,0.4610603768259703,0.890061391549903,-0.825912194925313,1.0,0.0
9019.0,1.0,0.6844495963774964,0.5995650267867382,0.6027679154954642,1.0,1.0
9035.0,1.0,0.2603367566848,1.57631233411692,-0.08355900033885029,1.0,1.0
9037.0,1.0,0.6869141875264162,0.5995519442952707,-1.012123155042961,1.0,0.0
9048.0,0.0,0.5601181142162052,1.3404233692486276,-0.25465562664619085,0.0,1.0
9048.0,0.0,0.4962185675714392,1.17040430920877,-0.8294806488048506,0.0,0.0
9048.0,0.0,0.3908978350842565,0.968028014635799,-1.702018524756813,0.0,0.0
9048.0,1.0,0.4516831890463449,0.9085395483783205,-0.08355900033885029,1.0,0.0
9048.0,0.0,0.4880440255700456,1.1517161413543127,-2.3883454405911277,1.0,0.0
9050.0,1.0,0.5422554630466758,0.7567872867164127,0.6027679154954642,1.0,1.0
9050.0,0.0,0.4251884751311745,1.0257761612353022,-0.08712745421838787,0.0,0.0
9060.0,1.0,0.9999,0.5995519442952707,-1.9771032712691394,0.0,1.0
9060.0,0.0,0.44570200925801173,1.063738222511817,-0.08712745421838787,0.0,0.0
9060.0,1.0,0.5395637951213444,0.7605625957426512,-1.6459922460046645,0.0,0.0
9060.0,0.0,0.5358004535445218,1.270203652536972,-1.9771032712691394,0.0,0.0
9060.0,1.0,0.5019433257355226,0.81756648519015,-1.0828557412262632,1.0,0.0
9108.0,0.0,0.46876403080329127,1.1099172375419928,-1.702018524756813,0.0,0.0
9183.0,1.0,0.4553524752542115,0.9012184250390769,1.3042091651400853,1.0,1.0
9214.0,0.0,0.40893751189982547,0.9975729661155943,-1.157023220189788,0.0,0.0
9214.0,1.0,0.444647754918808,0.9229149052179046,-0.1395852790909986,0.0,0.0
9255.0,1.0,0.4880375340841566,0.8408616385547955,-1.1045653953171772,0.0,1.0
9255.0,0.0,0.3093170801027628,0.8536883458787162,-1.8433501360241025,1.0,0.0
9255.0,0.0,0.44716062700105463,1.0665448016396601,-2.3883454405911277,0.0,0.0
9257.0,0.0,0.2736182529806518,0.8117328964187871,-0.8294806488048506,1.0,0.0
9257.0,0.0,0.4048787626571202,0.9907694809318985,1.3042091651400853,0.0,0.0
9272.0,1.0,0.5196261230940573,0.7897448229560323,-0.7734543700527021,1.0,1.0
9272.0,1.0,0.4429975700877573,0.9263528025784691,0.6027679154954642,1.0,0.0
9272.0,0.0,0.44758839274162326,1.0673706918290198,-0.41467002560332517,1.0,0.0
9274.0,1.0,0.5595876188410311,0.7333472485259277,1.3042091651400853,1.0,1.0
9274.0,0.0,0.4995926969300377,1.1782960716129236,1.3042091651400853,0.0,0.0
9274.0,0.0,0.4551545354539666,1.0821930212909705,0.6027679154954642,0.0,0.0
9275.0,0.0,0.38726446288743377,0.9622878447564779,-0.8294806488048506,1.0,1.0
9277.0,0.0,0.46746731987043266,1.1072146018725,-0.08712745421838787,0.0,1.0
9277.0,1.0,0.3482106445485412,1.1785166450563205,0.6143137954262338,0.0,0.0
9277.0,1.0,0.3854904560466004,1.0645452673324745,0.6027679154954642,1.0,0.0
9284.0,1.0,0.4773950512037844,0.8596068173548606,0.5824660573484598,0.0,1.0
9284.0,1.0,0.40530653736633837,1.0124979558751328,-1.9736795747300186,1.0,0.0
9284.0,0.0,0.4176033457802921,1.012416460743125,-1.0828557412262632,1.0,0.0
9284.0,0.0,0.2778883397108524,0.8165329433645425,-1.6984500708772756,0.0,0.0
9347.0,0.0,0.3362291992223852,0.888300537961294,0.6027679154954642,0.0,0.0
9392.0,1.0,0.42908787517242236,0.956382280485889,-1.2872079015552873,0.0,1.0
9392.0,0.0,0.4518613189320833,1.075691206949682,1.3042091651400853,1.0,0.0
9517.0,1.0,0.4489860179361671,0.9139973722847398,-0.08355900033885029,1.0,0.0
9523.0,1.0,0.4644698019971539,0.8835279254360662,-1.515807564639165,1.0,1.0
9523.0,1.0,0.6631542938275279,0.6188183419844895,-1.702018524756813,1.0,0.0
9529.0,1.0,0.4790248056520721,0.8566822338722672,1.3042091651400853,0.0,1.0
9529.0,0.0,0.4524133307098719,1.076775590936366,0.6027679154954642,1.0,0.0
9529.0,0.0,0.6098576482767127,1.5113149259733645,0.6027679154954642,1.0,0.0
9532.0,1.0,0.4127735917155656,0.994181916727428,0.6178822493057712,0.0,0.0
9554.0,1.0,0.49122403194500897,0.8354070930963444,0.4316712891881235,0.0,1.0
9554.0,1.0,0.3701189640469302,1.1087571306781556,0.4316712891881235,0.0,0.0
9554.0,0.0,0.6095173673894164,1.5099979107182782,0.6027679154954642,0.0,0.0
9556.0,0.0,0.5271376568906032,1.2469336330242387,0.6027679154954642,0.0,0.0
9575.0,0.0,0.40744687932040335,0.9950634615467259,1.3042091651400853,1.0,0.0
9575.0,0.0,0.279672248875453,0.8185551070235051,-0.08712745421838787,0.0,0.0
9620.0,1.0,0.44504541971158595,0.9220902460971052,1.3042091651400853,0.0,1.0
9620.0,1.0,0.3086644184091403,1.3295087354133905,0.6027679154954642,0.0,0.0
9620.0,0.0,0.36442880103629927,0.9277134652658003,-0.39955569179301803,0.0,0.0
9627.0,0.0,0.43627944482060843,1.0459578846226714,-1.2872079015552873,1.0,1.0
9680.0,0.0,0.548624842640366,1.3062924483102802,0.6027679154954642,1.0,1.0
9768.0,1.0,0.34363470880210256,1.1942101018165103,-1.1458051310733963,1.0,0.0
9817.0,0.0,0.3862723543267761,0.9607322785125091,-0.08712745421838787,0.0,1.0
9837.0,1.0,0.6366117872130302,0.6446189794612183,-0.269769960456498,0.0,1.0
9840.0,0.0,0.5955306985993873,1.457781733674142,0.6027679154954642,1.0,0.0
9844.0,1.0,0.6297804307583881,0.6516112926723867,0.6027679154954642,0.0,1.0
9844.0,1.0,0.4265827560234403,0.9619986621393019,-0.825912194925313,0.0,0.0
9858.0,1.0,0.3680487528638849,1.1149936995928722,0.6027679154954642,0.0,1.0
9858.0,0.0,0.368830320868098,0.9341829604754092,0.6027679154954642,1.0,0.0
9871.0,1.0,0.5070382983678253,0.8093511711191211,-0.08355900033885029,1.0,1.0
9885.0,0.0,0.2945941103522542,0.8358704797718561,0.6027679154954642,1.0,1.0
9930.0,0.0,0.25529614746946816,0.7917616612431588,-1.702018524756813,0.0,1.0
9930.0,0.0,0.31352199164604905,0.858917477673574,1.3042091651400853,1.0,0.0
9945.0,0.0,0.3269225682968144,0.8760180205741455,0.6027679154954642,1.0,0.0
9945.0,0.0,0.41935789453822825,1.0154757188076056,0.6027679154954642,0.0,0.0
9946.0,1.0,0.42463433400658135,0.9664127643995115,1.3042091651400853,0.0,1.0
9980.0,0.0,0.3750236245387559,0.9434403964127411,0.5686110014315365,1.0,1.0
9980.0,0.0,0.3192906553418345,0.866196364191019,0.5686110014315365,1.0,0.0
9981.0,0.0,0.25632385643866573,0.7928558210703515,0.5686110014315365,1.0,0.0
9986.0,0.0,0.3950689008657221,0.9747026731764591,-1.6459922460046645,0.0,1.0
9986.0,1.0,0.6629968013490773,0.618965340030621,-0.08355900033885029,1.0,0.0
10024.0,1.0,0.5741139282954875,0.7147919957361385,-0.08712745421838787,0.0,0.0
10026.0,1.0,0.4116667615257365,0.9968549296166341,-0.825912194925313,0.0,1.0
10026.0,1.0,0.3534523348519915,1.1610392692923912,-1.9736795747300186,1.0,0.0
10026.0,0.0,0.31049091628308484,0.8551416846247554,-1.012123155042961,0.0,0.0
10026.0,1.0,0.6136459867226538,0.6687439492238044,-1.702018524756813,0.0,0.0
10026.0,1.0,0.44826548677951156,0.9154665096670616,-0.825912194925313,1.0,0.0
10032.0,1.0,0.37450058224521726,1.0957847865708803,-0.7734543700527021,1.0,1.0
10032.0,0.0,0.5978124018245206,1.4660520664699666,-0.269769960456498,0.0,0.0
10036.0,1.0,0.4770664650890107,0.8601988834190617,0.6178822493057712,1.0,1.0
10036.0,0.0,0.29485984136123944,0.8361854763058778,1.3042091651400853,1.0,0.0
10036.0,0.0,0.2949659336853315,0.8363113040705091,1.3042091651400853,0.0,0.0
10052.0,1.0,0.39867620602191434,1.0293366756973916,0.6027679154954642,0.0,0.0
10062.0,1.0,0.4514277946976565,0.9090535527638306,-0.9560968762908125,0.0,1.0
10062.0,1.0,0.38040621213957077,1.0787732363205482,-0.2592634422250859,1.0,0.0
10062.0,0.0,0.3509724382658704,0.9084790757396092,-1.012123155042961,0.0,0.0
10106.0,0.0,0.4628768609290135,1.0977519241371365,0.6027679154954642,0.0,1.0
10112.0,0.0,0.0001,0.5995519442952707,1.3042091651400853,0.0,1.0
10112.0,1.0,0.47583527986730784,0.8624245783134927,-0.08355900033885029,1.0,0.0
10112.0,1.0,0.46944716437017364,0.8741602287380198,-1.1458051310733963,1.0,0.0
10112.0,1.0,0.3988107268500069,1.0289894753522693,-0.8294806488048506,0.0,0.0
10164.0,1.0,0.5044533206822737,0.8134985414135388,1.3042091651400853,1.0,1.0
10164.0,0.0,0.4343544199453524,1.042398244067937,-0.08712745421838787,1.0,0.0
10166.0,0.0,0.4359212107654207,1.0452936197332354,0.6143137954262338,0.0,1.0
10166.0,0.0,0.27149562350995265,0.8093677655782889,0.6178822493057712,0.0,0.0
10175.0,0.0,0.49811109134626685,1.1748176722920065,-0.08355900033885029,1.0,1.0
10175.0,0.0,0.3558971964206883,0.9154252335763203,1.3042091651400853,1.0,0.0
10181.0,1.0,0.5155389480991479,0.7960058926669561,0.6027679154954642,1.0,1.0
10181.0,0.0,0.6727838698784842,1.8019526091051454,0.6027679154954642,1.0,0.0
10184.0,1.0,0.543983775294295,0.7543828680629945,-1.515807564639165,1.0,1.0
10184.0,1.0,0.4330481972587054,0.947635951803968,-1.012123155042961,1.0,0.0
10184.0,0.0,0.5094313708809046,1.2019275681621504,-0.825912194925313,1.0,0.0
10191.0,1.0,0.48508210215285624,0.845984708083358,-1.1045653953171772,0.0,1.0
10203.0,1.0,0.3834165181245314,1.0703034981214852,1.3042091651400853,0.0,1.0
10203.0,0.0,0.4412472124024065,1.0552573025163976,-0.08712745421838787,0.0,0.0
10211.0,0.0,0.6012834883194038,1.4788150029916327,1.3042091651400853,1.0,0.0
10236.0,1.0,0.6440481507364356,0.6371760249866515,0.6027679154954642,1.0,0.0
10238.0,1.0,0.5057384469363105,0.8114313694602803,-0.7734543700527021,1.0,1.0
10238.0,0.0,0.4586003029104948,1.0890806969112061,-0.8294806488048506,0.0,0.0
10331.0,1.0,0.9999,0.5995519442952707,-0.08712745421838787,0.0,1.0
10331.0,1.0,0.4396277086730584,0.9334535391886105,-0.08712745421838787,0.0,0.0
10331.0,0.0,0.5296715989771954,1.2536516147685608,0.6027679154954642,0.0,0.0
10331.0,1.0,0.5084828824817931,0.8070518295194327,-0.08355900033885029,1.0,0.0
10334.0,0.0,0.562200005356475,1.3467975482591175,-0.7734543700527021,1.0,1.0
10334.0,0.0,0.4386842886467709,1.0504390799827596,-0.269769960456498,1.0,0.0
10334.0,1.0,0.47866608638589486,0.8573242438893169,-1.1045653953171772,1.0,0.0
10359.0,1.0,0.6322457841627305,0.6490704261946051,0.6027679154954642,1.0,1.0
10371.0,1.0,0.3957964058759922,1.036826091631616,0.6027679154954642,1.0,1.0
10377.0,0.0,0.6453470574171251,1.6625491815169997,1.3042091651400853,0.0,1.0
10429.0,1.0,0.4460038256363842,0.9201087905483839,0.2867712240412963,0.0,1.0
10445.0,0.0,0.2884466103276785,0.8286489362172593,-0.08355900033885029,0.0,0.0
10481.0,0.0,0.33851951040859174,0.8913761912735524,-0.41467002560332517,1.0,0.0
10532.0,0.0,0.3303338996407538,0.8804805246934928,0.6027679154954642,1.0,0.0
10569.0,0.0,0.40893995782138265,0.9975770942667946,-0.1395852790909986,1.0,1.0
10569.0,1.0,0.4098754597145629,1.0012115408715336,1.3042091651400853,1.0,0.0
10579.0,0.0,0.5524539393359461,1.3174687730216728,-0.7734543700527021,0.0,1.0
10579.0,0.0,0.4073164626945694,0.9948445035177318,-1.012123155042961,0.0,0.0
10582.0,0.0,0.4162064281668915,1.0099939222734602,1.3042091651400853,0.0,0.0
10582.0,0.0,0.4162064281668915,1.0099939222734602,0.2867712240412963,0.0,0.0
10586.0,1.0,0.5514984891776865,0.7441036532994537,-0.7734543700527021,1.0,1.0
10586.0,1.0,0.40638409859840496,1.0098132333464696,-0.08355900033885029,1.0,0.0
10586.0,1.0,0.46798243695792163,0.8768962426321656,0.6027679154954642,0.0,0.0
10586.0,0.0,0.6654392083655853,1.7623940825022308,-0.08712745421838787,0.0,0.0
10634.0,0.0,0.4048188926872601,0.9906698182607673,0.6027679154954642,0.0,1.0
10811.0,0.0,0.2107497572947723,0.7470735230853401,-0.7734543700527021,1.0,1.0
10811.0,0.0,0.15814490906659945,0.700391273704847,-1.515807564639165,1.0,0.0
11752.0,1.0,0.49293126671416515,0.8325137160029397,1.3042091651400853,1.0,1.0
11772.0,0.0,0.33298805820527005,0.8839841125291422,-0.08712745421838787,0.0,1.0
11772.0,0.0,0.6007379898736354,1.4767945470873616,1.3042091651400853,0.0,0.0
11772.0,0.0,0.4350455909418245,1.0436735247304496,1.3042091651400853,0.0,0.0
11773.0,0.0,0.3554713868298603,0.9148204553924232,-0.3222128320722189,1.0,0.0
11811.0,1.0,0.28929249462184725,1.4185367688942963,1.3042091651400853,0.0,1.0
11814.0,0.0,0.29291420890309805,0.8338846103795475,-0.41467002560332517,0.0,1.0
11818.0,0.0,0.3400880760365022,0.8934949316757136,-1.7908923111514916,0.0,1.0
11818.0,0.0,0.23177955601423939,0.767524431339767,-1.9736795747300186,1.0,0.0
11826.0,0.0,0.5494263330727788,1.3086161102907812,0.5686110014315365,1.0,1.0
11826.0,0.0,0.5230833396113151,1.2363333227512123,-0.08712745421838787,0.0,0.0
11832.0,0.0,0.40792152263644677,0.9958611602287744,-0.95966533017035,0.0,1.0
11850.0,1.0,0.318218189415914,1.2895932861018382,-0.08712745421838787,0.0,1.0
11859.0,1.0,0.5197765233595427,0.7895163058420415,-0.8294806488048506,0.0,0.0
11859.0,1.0,0.49227636186976187,0.8336212590577629,-0.825912194925313,1.0,0.0
11859.0,1.0,0.49856404319234016,0.8231079761761501,0.6027679154954642,1.0,0.0
11859.0,1.0,0.49856404319234016,0.8231079761761501,-0.08712745421838787,1.0,0.0
11859.0,1.0,0.6529189294472328,0.6285191347318886,0.6027679154954642,1.0,0.0
11859.0,1.0,0.4905159795293522,0.8366129906307962,-0.825912194925313,1.0,0.0
11873.0,0.0,0.22223365481552093,0.7581042340857521,1.410340501005082,0.0,1.0
11873.0,0.0,0.15465955988362218,0.6975035517436978,1.3042091651400853,0.0,0.0
11877.0,1.0,0.1777559970263988,2.086554730403893,0.6027679154954642,0.0,0.0
11930.0,0.0,0.3012802351216014,0.8438690145202489,0.6027679154954642,0.0,1.0
11932.0,0.0,0.4701554688746808,1.1128320191612866,1.3042091651400853,1.0,1.0
11968.0,0.0,0.39781742017230404,0.9791514719380723,-1.6984500708772756,0.0,0.0
11968.0,0.0,0.5362935191654443,1.271554277940156,-0.2549812975696407,1.0,1.0
11987.0,0.0,0.2626037092193505,0.7996079811976552,-0.41467002560332517,0.0,0.0
11993.0,1.0,0.5504322327455518,0.745545075620505,0.2867712240412963,0.0,1.0
12017.0,0.0,0.3068058027793258,0.8505956365154766,-0.08355900033885029,1.0,1.0
12017.0,1.0,0.30442734766454704,1.3480130603720948,1.3042091651400853,1.0,0.0
12029.0,0.0,0.22774212725492393,0.7635117494080784,0.6027679154954642,0.0,1.0
12083.0,1.0,0.2691026100586021,1.5249649213617054,0.6027679154954642,0.0,0.0
12097.0,0.0,0.1974799072577885,0.7347204945349035,-0.08355900033885029,1.0,1.0
12150.0,1.0,0.505570088409304,0.8117015820247916,0.6143137954262338,0.0,1.0
12172.0,1.0,0.4694906645916967,0.8740792342338377,-0.08712745421838787,0.0,1.0
12172.0,1.0,0.47032732616524725,0.8725243415732632,-0.8294806488048506,1.0,0.0
12172.0,1.0,0.6676453059304615,0.614655771471848,-0.1395852790909986,0.0,0.0
12172.0,0.0,0.5069293266639531,1.1958284913284627,-1.702018524756813,0.0,0.0
12188.0,1.0,0.40089023460979584,1.0236518756454096,0.6143137954262338,0.0,1.0
12191.0,1.0,0.5015165529474599,0.8182622052541452,-1.6984500708772756,1.0,0.0
12194.0,1.0,0.5531788250656143,0.741843364191625,-0.08712745421838787,1.0,1.0
12194.0,1.0,0.33948607300916184,1.208803757246239,0.6027679154954642,0.0,0.0
12194.0,1.0,0.44498109758436966,0.9222235344692099,0.6027679154954642,0.0,0.0
12222.0,0.0,0.5562834129512838,1.328839120789997,-0.825912194925313,0.0,1.0
12222.0,0.0,0.523354946495394,1.2370378231735002,-0.825912194925313,1.0,0.0
12228.0,0.0,0.33996517918060404,0.8933285651229194,-1.157023220189788,0.0,1.0
12281.0,0.0,0.6117806294600717,1.5188009773796465,0.6027679154954642,1.0,0.0
12303.0,0.0,0.3442841470672193,0.8992126037163215,-0.08355900033885029,1.0,0.0
12304.0,0.0,0.45180701256181605,1.0755846443224388,-0.08712745421838787,0.0,1.0
12304.0,0.0,0.3916954056151144,0.9692972317757733,-0.825912194925313,1.0,0.0
12304.0,1.0,0.4890082080045262,0.8391925408794926,0.6027679154954642,1.0,0.0
